Product name, Core terms, Brands, Discriptions
9.7 inch Onda V975i Tablet PC Screen Protector Film,screen protector,onda,9.7 inch v975i tablet pc film
BLUBOO Picasso Smartphone Silicone Protective Back Cover,cover,bluboo picasso,smartphone silicone protective back
DoogeeX5/DoogeeX5 PRO Flip Cover Protective +Tempered Glass,glass,doogeex5,pro flip cover protective tempered
YI 4K Action Camera 2 Ambarella A9SE75 Sony IMX377 12MP,camera,yi,4k action 2 ambarella a9se75 sony imx377 12mp
Makibes Unisex Red LED Digital Band Wrist Watch,watch,makibes,unisex red led digital band wrist
For iPhone7 Plus 5.5 Inch Benks PP Phone Case,phone case,benks,for iphone7 plus 5.5 inch pp
Xiaomi Yi Action Camera Sports Camera WiFi Sony A7LS,camera,xiaomi,yi action sport wifi sony a7ls
Xiaomi YI 4K Action Camera Retina Screen Ambarella Sony,screen,xiaomi,yi 4k action camera retina ambarella sony
UMI PLUS 5.5inch FHD 4G MT6755 Android 6.0 Smartphone,smartphone,umi,plus 5.5inch fhd 4g mt6755 android 6.0
Tencent QQ Watch Smart GPS Tracker WiFi Watch Phone,watch phone,tencent,qq watch smart gps tracker wifi
CHUWI HI8/HI8 Pro Tablet Keyboard with PU Leather Case,keyboard,chuwi,hi8 hi8 pro tablet with pu leather case
Syllable Wireless Stereo Earphones Outdoor With MIC,earphone,syllable,wireless stereo outdoor with mic
Lenovo Vibe P1/P1C58 5.5inch FHD Android 5.1 Smartphone,smartphone,lenovo,vibe p1 p1c58 5.5inch fhd android 5.1
Xiaomi YI 4K Action Camera Selfie Stick & Bluetooth Remote,stick,xiaomi,yi 4k action camera selfie bluetooth remote
DM PD019 64GB Metal U Disk with USB USB OTG Flash Drive,disk,dm,pd019 64gb metal u with usb usb otg flash drive
EDIFIER MP100 Outdoor Mini Bluetooth Wireless Speaker,speaker,edifier,mp100 outdoor mini bluetooth wireless
For LEAGOO Shark 1 Leather Case Protective Flip Cover,cover,leagoo,for shark 1 leather case protective flip
Xiaomi YI Wrist Strap Mount YI Action SJCAM Camera,camera,xiaomi,yi wrist strap mount yi action sjcam
Xiaomi Redmi Note 3 Pro 5.5 Inch FHD 2GB 16GB Smartphone,smartphone,xiaomi,redmi note 3 pro 5.5 inch fhd 2gb 16gb
Xiaomi Redmi Note 3 Protective Up&Down Flip Leather Case,case,xiaomi,redmi note 3 protective up down flip leather
For iPhone7 4.7 Inch Benks Phone Back Case PP Phone Case,phone case,benks,for iphone7 4.7 inch phone back case pp
iPhone iPad USB Tronsmart TS-CC4P1 4 Port Smart Car Charger,charger,tronsmart,iphone ipad usb t cc4p1 4 port smart car
TS-D02 Wireless Bluetooth LED Bulb Music Playing,bulb,,t d02 wireless bluetooth led music playing
Tencent QQ Watch WiFi Locating Wrist GSM Watch Phone,watch phone,tencent,qq watch wifi locating wrist gsm
Wired Cable HD TV Cable RF Frequency Cable Clsed Cable,tv cable,,wired cable hd rf frequency cable clsed cable
